text,true_label,pred_prob,pred_label,pred_cat
"#COVID-19 | More than 100,300 people have been infected globally by #coronavirus, according to a Reuters tally based on statements from health ministries and government officials. Click the link below for live updates. http://bit.ly/38vzfLh ",1,93.50728,1.0,真新闻
"Most Asian shares fell on Tuesday a day after Wall Street's historic market rout, with fleeting initial gains evaporating as the #coronavirus remained a major risk to economic growth.
#COVID2019 #COVID #CoronavirusOutbreak #stockmarkets https://www.indiatoday.in/business/story/coronavirus-scare-asian-stocks-fall-after-historic-wall-street-rout-1656254-2020-03-17 ",1,0.0712684,1.0,真新闻
Sobering COVID-19 study prompted Britain to toughen its approach  https://uk.reuters.com/article/us-health-coronavirus-britain-research-idUKKBN2141EP?taid=5e70a7eef629ab00016ac0dc&utm_campaign=trueAnthem%3A+Trending+Content&utm_medium=trueAnthem&utm_source=twitter  pic.twitter.com/ubVdUvUVok,1,96.31941,1.0,真新闻
Sobering COVID-19 study prompted Britain to toughen its approach  https://uk.reuters.com/article/uk-health-coronavirus-britain-research-idUKKBN2141EI?taid=5e70ee4472e8fa00012c02ed&utm_campaign=trueAnthem%3A+Trending+Content&utm_medium=trueAnthem&utm_source=twitter  pic.twitter.com/SSyIL5AVCf,1,98.66861,1.0,真新闻
Sobering COVID-19 study prompted Britain to toughen its approach  https://uk.reuters.com/article/uk-health-coronavirus-britain-research-idUKKBN2141EI?taid=5e70af23f629ab00016ac0fe&utm_campaign=trueAnthem%3A+Trending+Content&utm_medium=trueAnthem&utm_source=twitter  pic.twitter.com/1y1aDWzp2U,1,98.66861,1.0,真新闻
Beware second waves of COVID-19 if lockdowns eased early: study  https://uk.reuters.com/article/us-health-coronavirus-wuhan-secondwave-idUKKBN21D1M9?taid=5e7d0531ef5fb40001469dea&utm_campaign=trueAnthem%3A+Trending+Content&utm_medium=trueAnthem&utm_source=twitter  pic.twitter.com/SBlnCtzl22,1,99.18744,1.0,真新闻
"Canada to stop people with COVID-19 symptoms boarding domestic flights, trains  https://uk.reuters.com/article/us-health-coronavirus-canada-idUKKBN21F0RF?taid=5e802598ef5fb4000146ab1d&utm_campaign=trueAnthem%3A+Trending+Content&utm_medium=trueAnthem&utm_source=twitter  pic.twitter.com/GG0IMhebMt",1,89.55693,1.0,真新闻
"Over Rs 600 crore deposited in bank accounts of 27.15 lakh UP workers
 https://www.ndtv.com/india-news/over-rs-600-crore-deposited-in-bank-accounts-of-27-15-lakh-uttar-pradesh-workers-2203276 
#CoronavirusLockdown #Covid_19 pic.twitter.com/hnor7eAoHx",1,1.0395257,1.0,真新闻
Disney's Netflix rival doubles subscriptions in Covid-19 lockdown  https://www.theguardian.com/media/2020/apr/09/disney-netflix-rival-doubles-subscriptions-in-virus-lockdown?utm_term=Autofeed&CMP=twt_b-gdnnews&utm_medium=Social&utm_source=Twitter#Echobox=1586497555 ,1,0.12773326,1.0,真新闻
"UK faces 'extremely large' hit from COVID-19, BoE's Tenreyro warns  https://uk.reuters.com/article/us-health-coronavirus-boe-tenreyro-idUKKCN21Y25W?taid=5e98a7c45a107f0001b4b54c&utm_campaign=trueAnthem%3A+Trending+Content&utm_medium=trueAnthem&utm_source=twitter  pic.twitter.com/Db1ieHb7aR",1,99.29341,1.0,真新闻
"Europe COVID-19 cases almost at one million, coming weeks 'critical' - WHO  https://uk.reuters.com/article/uk-health-coronavirus-who-europe-idUKKCN21Y18P?taid=5e987b575a107f0001b4b495&utm_campaign=trueAnthem%3A+Trending+Content&utm_medium=trueAnthem&utm_source=twitter  pic.twitter.com/1f3mqBqIKu",1,78.19402,1.0,真新闻
UK scientists to make a million potential COVID-19 vaccines before proof  https://uk.reuters.com/article/us-health-coronavirus-vaccine-oxford-idUKKBN21Z25M?taid=5e9a0c20f87ad20001649e33&utm_campaign=trueAnthem%3A+Trending+Content&utm_medium=trueAnthem&utm_source=twitter  pic.twitter.com/hdUAwJKrwD,1,97.42731,1.0,真新闻
Gilead surges after report suggests COVID-19 patients responding to remdesivir  https://uk.reuters.com/article/us-health-coronavirus-gilead-sciences-idUKKBN21Y3GV?taid=5e99160dbea27e00015ded46&utm_campaign=trueAnthem%3A+Trending+Content&utm_medium=trueAnthem&utm_source=twitter  pic.twitter.com/kMZYssILCL,1,98.97829,1.0,真新闻
USADA adapts in COVID-19 era with self-administered doping tests  https://uk.reuters.com/article/uk-health-coronavirus-doping-usada-idUKKBN21Z05M?taid=5e99403cbea27e00015dede0&utm_campaign=trueAnthem%3A+Trending+Content&utm_medium=trueAnthem&utm_source=twitter  pic.twitter.com/kNNlRhZ6E7,1,99.38339,1.0,真新闻
"Britain expands COVID-19 testing programme, still more to do - health minister  https://uk.reuters.com/article/uk-health-coronavirus-britain-testing-idUKKBN21Z1FF?taid=5e99a2a75a107f0001b4b9a0&utm_campaign=trueAnthem%3A+Trending+Content&utm_medium=trueAnthem&utm_source=twitter  pic.twitter.com/L1L17IYMIY",1,99.890015,1.0,真新闻
Deaths from COVID-19 in UK care homes is higher than 2% - health minister  https://uk.reuters.com/article/uk-health-coronavirus-britain-carehomes-idUKKBN21Z1AQ?taid=5e99949f5a107f0001b4b961&utm_campaign=trueAnthem%3A+Trending+Content&utm_medium=trueAnthem&utm_source=twitter  pic.twitter.com/f9ZWbo2SXE,1,26.373577,1.0,真新闻
"BoE's Bailey orders banks to ""put their backs into it"" on COVID-19 loans  https://uk.reuters.com/article/uk-health-coronavirus-boe-bailey-idUKKBN21Z27Q?taid=5e99fde35a107f0001b4bb39&utm_campaign=trueAnthem%3A+Trending+Content&utm_medium=trueAnthem&utm_source=twitter  pic.twitter.com/PWHgAfIfeX",1,75.58027,1.0,真新闻
Singapore reports 942 new COVID-19 cases in record daily jump  https://uk.reuters.com/article/us-health-coronavirus-singapore-idUKKBN2200B7?taid=5e9ad1015a107f0001b4be9d&utm_campaign=trueAnthem%3A+Trending+Content&utm_medium=trueAnthem&utm_source=twitter  pic.twitter.com/na1e7MLBxH,1,80.70746,1.0,真新闻
"WHO unsure antibodies protect against COVID, little sign of herd immunity  https://uk.reuters.com/article/us-health-coronavirus-immunity-idUKKBN21Z2XM?taid=5e9a7b9ff87ad20001649fad&utm_campaign=trueAnthem%3A+Trending+Content&utm_medium=trueAnthem&utm_source=twitter  pic.twitter.com/f9mAmfQHmp",1,90.30578,1.0,真新闻
Gilead increases enrollment target for remdesivir trial in COVID-19 patients  https://uk.reuters.com/article/us-gilead-sciences-stocks-idUKKBN21Z25V?taid=5e9a8f515a107f0001b4bda8&utm_campaign=trueAnthem%3A+Trending+Content&utm_medium=trueAnthem&utm_source=twitter  pic.twitter.com/gR4fYJrbvX,1,98.61008,1.0,真新闻
UK tells doctors to treat COVID-19 patients without full-length gowns due to shortage - report  https://uk.reuters.com/article/uk-health-coronavirus-britain-gowns-advi-idUKKBN21Z2W0?taid=5e9a446fbea27e00015df169&utm_campaign=trueAnthem%3A+Trending+Content&utm_medium=trueAnthem&utm_source=twitter  pic.twitter.com/9eJvhjBP5v,1,16.78889,1.0,真新闻
"UK reports 596 COVID-19 deaths as total tops 16,000  https://uk.reuters.com/article/us-health-coronavirus-britain-fatalities-idUKKBN2210LD?taid=5e9c722e5a107f0001b4c310&utm_campaign=trueAnthem%3A+Trending+Content&utm_medium=trueAnthem&utm_source=twitter  pic.twitter.com/Ph3q2eejA2",1,87.456604,1.0,真新闻
"Novartis, U.S. regulators agree to malaria drug trial against COVID-19  https://uk.reuters.com/article/uk-novartis-coronavirus-test-idUKKBN2220E8?taid=5e9d52435a107f0001b4c5d4&utm_campaign=trueAnthem%3A+Trending+Content&utm_medium=trueAnthem&utm_source=twitter  pic.twitter.com/JReiTYaA2O",1,99.905136,1.0,真新闻
Prince Philip breaks retirement silence to thank those fighting COVID-19  https://uk.reuters.com/article/uk-health-coronavirus-britain-philip-idUKKBN2221B8?taid=5e9dd676bea27e00015dfb1f&utm_campaign=trueAnthem%3A+Trending+Content&utm_medium=trueAnthem&utm_source=twitter  pic.twitter.com/6JFsjghuMM,1,99.85078,1.0,真新闻
Prince Philip breaks retirement silence to thank those fighting COVID-19  https://uk.reuters.com/article/uk-health-coronavirus-britain-philip-idUKKBN2221B8?taid=5e9d971b5a107f0001b4c6af&utm_campaign=trueAnthem%3A+Trending+Content&utm_medium=trueAnthem&utm_source=twitter  pic.twitter.com/9VUv8wyv7M,1,99.85078,1.0,真新闻
"England's COVID-19 hospital death toll rises 429 to 14,829, lowest rise in two weeks  https://uk.reuters.com/article/uk-health-coronavirus-britain-casualties-idUKKBN2221RI?taid=5e9dba4d5a107f0001b4c72a&utm_campaign=trueAnthem%3A+Trending+Content&utm_medium=trueAnthem&utm_source=twitter  pic.twitter.com/Aak1O2VvBo",1,69.55504,1.0,真新闻
COVID-19 death toll in England 41% higher than early data suggested: ONS  https://uk.reuters.com/article/us-health-coronavirus-britain-casualties-idUKKBN22310M?taid=5e9ed395f87ad20001162243&utm_campaign=trueAnthem%3A+Trending+Content&utm_medium=trueAnthem&utm_source=twitter  pic.twitter.com/fFZ0W4AZbq,1,95.562935,1.0,真新闻
COVID hospitalisations starting to decline in London but not rest of UK  https://uk.reuters.com/article/uk-health-coronavirus-britain-london-idUKKCN2232LC?taid=5e9f3cf5f87ad200011623f9&utm_campaign=trueAnthem%3A+Trending+Content&utm_medium=trueAnthem&utm_source=twitter  pic.twitter.com/QIX7pYGFjr,1,98.58983,1.0,真新闻
"England's COVID-19 hospital death toll rises 778 to 15,607  https://uk.reuters.com/article/uk-health-coronavirus-britain-casualties-idUKKCN2231WQ?taid=5e9f0c675a107f0001b4cc24&utm_campaign=trueAnthem%3A+Trending+Content&utm_medium=trueAnthem&utm_source=twitter  pic.twitter.com/On7hAnqPKl",1,99.6804,1.0,真新闻
"UK's COVID-19 death toll is far higher than daily figure, data suggests  https://uk.reuters.com/article/uk-health-coronavirus-britain-casualties-idUKKBN223103?taid=5e9f4b36bea27e00015e004e&utm_campaign=trueAnthem%3A+Trending+Content&utm_medium=trueAnthem&utm_source=twitter  pic.twitter.com/jYskQyiBVr",1,91.461205,1.0,真新闻
COVID-19 death toll in England 41% higher than early data suggested: ONS  https://uk.reuters.com/article/uk-health-coronavirus-britain-casualties-idUKKBN223103?taid=5e9f0a9d5a107f0001b4cc15&utm_campaign=trueAnthem%3A+Trending+Content&utm_medium=trueAnthem&utm_source=twitter  pic.twitter.com/scYoRekRVC,1,97.89315,1.0,真新闻
"Alarmed as COVID patients' blood thickened, New York doctors try new treatments  https://uk.reuters.com/article/us-health-coronavirus-usa-blood-idUKKCN22421Z?taid=5ea0b18fe3c40700015e957e&utm_campaign=trueAnthem%3A+Trending+Content&utm_medium=trueAnthem&utm_source=twitter  pic.twitter.com/e2EaMBiG6A",1,99.65699,1.0,真新闻
"Alarmed as COVID patients' blood thickened, New York doctors try new treatments  https://uk.reuters.com/article/us-health-coronavirus-usa-blood-idUKKCN22421Z?taid=5ea07239e1538500012a60c9&utm_campaign=trueAnthem%3A+Trending+Content&utm_medium=trueAnthem&utm_source=twitter  pic.twitter.com/VYi7EfQIqJ",1,99.65699,1.0,真新闻
Pastor helps keep Singapore's migrant workers fed during COVID-19 lockdown  https://uk.reuters.com/article/us-health-coronavirus-singapore-migrants-idUKKCN22505D?taid=5ea11d22e3c40700015e970e&utm_campaign=trueAnthem%3A+Trending+Content&utm_medium=trueAnthem&utm_source=twitter  pic.twitter.com/n7HH3rYJOc,1,90.212265,1.0,真新闻
Exclusive: France first - Paris ignores EU calls to lift export bans on COVID-19 drugs  https://uk.reuters.com/article/us-health-coronavirus-eu-drug-exclusive-idUKKCN2252HN?taid=5ea1d432e3c40700015e99d5&utm_campaign=trueAnthem%3A+Trending+Content&utm_medium=trueAnthem&utm_source=twitter  pic.twitter.com/8U3IFYTfW5,1,3.496584,1.0,真新闻
UK to test prevalence of COVID-19 in general population  https://uk.reuters.com/article/us-health-coronavirus-britain-tests-idUKKCN2243IZ?taid=5ea11567e3c40700015e96f7&utm_campaign=trueAnthem%3A+Trending+Content&utm_medium=trueAnthem&utm_source=twitter  pic.twitter.com/VYDyHZejRD,1,70.84839,1.0,真新闻
"UK COVID-19 hospital death toll rises to 18,738  https://uk.reuters.com/article/us-health-coronavirus-britain-deaths-idUKKCN2252EQ?taid=5ea1bf1de1ba14000127faa7&utm_campaign=trueAnthem%3A+Trending+Content&utm_medium=trueAnthem&utm_source=twitter  pic.twitter.com/113GkOJV5G",1,52.572422,1.0,真新闻
AstraZeneca pilots diabetes drug as potential COVID-19 treatment  https://uk.reuters.com/article/us-health-coronavirus-astrazeneca-idUKKCN2250PU?taid=5ea1b81ae1ba14000127fa8b&utm_campaign=trueAnthem%3A+Trending+Content&utm_medium=trueAnthem&utm_source=twitter  pic.twitter.com/pA78f5CkgX,1,95.40246,1.0,真新闻
AstraZeneca tests diabetes drug as possible COVID-19 treatment  https://uk.reuters.com/article/uk-health-coronavirus-astrazeneca-idUKKCN2250UV?taid=5ea17d72e1ba14000127f9ab&utm_campaign=trueAnthem%3A+Trending+Content&utm_medium=trueAnthem&utm_source=twitter  pic.twitter.com/9eIcgUCUG1,1,93.58212,1.0,真新闻
"World leaders launch plan to speed COVID-19 drugs, vaccine; U.S. stays away  https://uk.reuters.com/article/us-health-coronavirus-who-idUKKCN2261M7?taid=5ea354a4e15385000193777b&utm_campaign=trueAnthem%3A+Trending+Content&utm_medium=trueAnthem&utm_source=twitter  pic.twitter.com/PetOKNp4N6",1,99.35877,1.0,真新闻
COVID-19 takes unequal toll on immigrants in Nordic region  https://uk.reuters.com/article/uk-health-coronavirus-norway-immigrants-idUKKCN2260Y2?taid=5ea2c0e9e15385000193755b&utm_campaign=trueAnthem%3A+Trending+Content&utm_medium=trueAnthem&utm_source=twitter  pic.twitter.com/GwWUYaPGAl,1,95.804535,1.0,真新闻
UK retailers suffer record sales plunge on COVID-19 hit  https://uk.reuters.com/article/uk-health-coronavirus-britain-retail-idUKKCN2260NA?taid=5ea29897e3c40700015e9ce4&utm_campaign=trueAnthem%3A+Trending+Content&utm_medium=trueAnthem&utm_source=twitter  pic.twitter.com/SEM5fq26PL,1,71.885704,1.0,真新闻
"Johnson, on the mend after COVID-19, faces lockdown conundrum  https://uk.reuters.com/article/uk-health-coronavirus-britain-idUKKCN2260PA?taid=5ea2dd27e3c40700015e9dee&utm_campaign=trueAnthem%3A+Trending+Content&utm_medium=trueAnthem&utm_source=twitter  pic.twitter.com/n3Cu4ZbhB3",1,93.21968,1.0,真新闻
Australian PM says will be illegal for non-health officials to get data from COVID-19 app  https://uk.reuters.com/article/uk-health-coronavirus-australia-software-idUKKCN2260DW?taid=5ea28cbfe3c40700015e9cb1&utm_campaign=trueAnthem%3A+Trending+Content&utm_medium=trueAnthem&utm_source=twitter  pic.twitter.com/nFFWUgyXMa,1,65.257034,1.0,真新闻
"Two Chinese pharma companies, which supplied 5.5 lakh rapid testing kits for Covid-19 to India, said they are ready to cooperate with Indian agencies looking into allegations of poor accuracy of their products.
#CoronavirusOutbreak https://www.indiatoday.in/india/story/chinese-rapid-test-kit-suppliers-statements-coronavirus-1670896-2020-04-25 ",1,1.2041894,1.0,真新闻
"""No evidence"" that recovered COVID-19 patients cannot be reinfected: WHO  https://uk.reuters.com/article/us-health-coronavirus-who-idUKKCN2270FB?taid=5ea49f0be153850001937bb9&utm_campaign=trueAnthem%3A+Trending+Content&utm_medium=trueAnthem&utm_source=twitter  pic.twitter.com/a7mOGuzvHE",1,87.127075,1.0,真新闻
"""No evidence"" that recovered COVID-19 patients cannot be reinfected: WHO  https://uk.reuters.com/article/us-health-coronavirus-who-idUKKCN2270FB?taid=5ea435b3e153850001937a67&utm_campaign=trueAnthem%3A+Trending+Content&utm_medium=trueAnthem&utm_source=twitter  pic.twitter.com/zou0dKNM9l",1,87.127075,1.0,真新闻
Coronavirus and COVID-19: Fact versus fiction  https://uk.reuters.com/article/us-health-coronavirus-fiction-idUKKCN22635N?taid=5ea3d772e3c40700015ea248&utm_campaign=trueAnthem%3A+Trending+Content&utm_medium=trueAnthem&utm_source=twitter  pic.twitter.com/QrXgcnwT8R,1,38.110054,1.0,真新闻
No evidence' that recovered COVID-19 patients cannot be reinfected - WHO  https://uk.reuters.com/article/uk-health-coronavirus-who-idUKKCN2270FD?taid=5ea45685e1ba1400012804db&utm_campaign=trueAnthem%3A+Trending+Content&utm_medium=trueAnthem&utm_source=twitter  pic.twitter.com/14545xrhA6,1,98.76846,1.0,真新闻
"World leaders launch plan to speed COVID-19 drugs, vaccine; U.S. stays away  https://uk.reuters.com/article/uk-health-coronavirus-who-idUKKCN2261MU?taid=5ea385f1e1ba1400012801f4&utm_campaign=trueAnthem%3A+Trending+Content&utm_medium=trueAnthem&utm_source=twitter  pic.twitter.com/b1mlS0Rf8j",1,99.685875,1.0,真新闻
Italy's DiaSorin gets U.S. FDA approval for COVID-19 antibody test  https://uk.reuters.com/article/uk-health-coronavirus-testing-diasorin-idUKKCN2270NV?taid=5ea489dde3c40700015ea4bf&utm_campaign=trueAnthem%3A+Trending+Content&utm_medium=trueAnthem&utm_source=twitter  pic.twitter.com/nzbvfwThXV,1,99.78975,1.0,真新闻
Singapore races to build beds for COVID-19 patients as cases surge  https://uk.reuters.com/article/us-health-coronavirus-singapore-temp-hos-idUKKCN22805B?taid=5ea52542e1ba1400012807b2&utm_campaign=trueAnthem%3A+Trending+Content&utm_medium=trueAnthem&utm_source=twitter  pic.twitter.com/ZF1Z1zro3X,1,97.321495,1.0,真新闻
Health Canada cautions on use of malaria drugs to treat COVID-19  https://uk.reuters.com/article/us-health-coronavirus-health-canada-hydr-idUKKCN22804F?taid=5ea51cf2e1ba14000128079b&utm_campaign=trueAnthem%3A+Trending+Content&utm_medium=trueAnthem&utm_source=twitter  pic.twitter.com/ESceeMLZIM,1,99.42531,1.0,真新闻
Australia launches controversial COVID-19 tracking app as some states start easing rules  https://uk.reuters.com/article/us-health-coronavirus-australia-idUKKCN22806F?taid=5ea53c0de1ba1400012807e1&utm_campaign=trueAnthem%3A+Trending+Content&utm_medium=trueAnthem&utm_source=twitter  pic.twitter.com/UzByFr1PPO,1,98.57879,1.0,真新闻
"UK hospital COVID-19 death toll rises by 413 to 20,732  https://uk.reuters.com/article/uk-health-coronavirus-britain-toll-idUKKCN2280LK?taid=5ea5cb10e3c40700015ea886&utm_campaign=trueAnthem%3A+Trending+Content&utm_medium=trueAnthem&utm_source=twitter  pic.twitter.com/YXOcwuB1kS",1,98.73913,1.0,真新闻
Johnson back at Downing Street after COVID-19 recovery - Sky News  https://uk.reuters.com/article/uk-health-coronavirus-britain-johnson-idUKKCN2280PD?taid=5ea5e29de1ba1400012809b2&utm_campaign=trueAnthem%3A+Trending+Content&utm_medium=trueAnthem&utm_source=twitter  pic.twitter.com/kSmCvYxol3,1,95.64772,1.0,真新闻
Mothering with a mask: Belgian with COVID-19 gives birth to healthy baby  https://uk.reuters.com/article/uk-health-coronavirus-belgium-newborn-idUKKCN2270Q8?taid=5ea5ac9de3c40700015ea828&utm_campaign=trueAnthem%3A+Trending+Content&utm_medium=trueAnthem&utm_source=twitter  pic.twitter.com/NUqGyf7kUh,1,86.057556,1.0,真新闻
Australia launches controversial COVID-19 tracking app as some states start easing rules  https://uk.reuters.com/article/uk-health-coronavirus-australia-idUKKCN22806J?taid=5ea539c4e153850001937d61&utm_campaign=trueAnthem%3A+Trending+Content&utm_medium=trueAnthem&utm_source=twitter  pic.twitter.com/r6ggdozWU5,1,99.298004,1.0,真新闻
"Reuters recently reported a COVID-19 hack from Vietnam, where an entrepreneur generously dispenses free rice to those who need it through a 'Rice ATM'.
#COVID19 #Lockdown https://trib.al/MEk7rJ3 ",1,99.98714,1.0,真新闻
"Some countries prise open COVID-19 lockdowns, but UK says not yet  https://uk.reuters.com/article/uk-health-coronavirus-idUKKCN2291DM?taid=5ea6dfb9e153850001938199&utm_campaign=trueAnthem%3A+Trending+Content&utm_medium=trueAnthem&utm_source=twitter  pic.twitter.com/EXXMM5EKCt",1,97.808426,1.0,真新闻
French scientists to test theory that nicotine combats COVID-19  https://uk.reuters.com/article/uk-health-coronavirus-france-nicotine-idUKKCN2292OE?taid=5ea74236e1ba140001280ea6&utm_campaign=trueAnthem%3A+Trending+Content&utm_medium=trueAnthem&utm_source=twitter  pic.twitter.com/T7jGCGWtyz,1,86.94141,1.0,真新闻
EU's COVID recovery spending should be guided by green finance plan - experts  https://uk.reuters.com/article/uk-health-coronavirus-eu-recovery-green-idUKKCN2280SP?taid=5ea67736e1ba140001280bc7&utm_campaign=trueAnthem%3A+Trending+Content&utm_medium=trueAnthem&utm_source=twitter  pic.twitter.com/D4XyGTOw16,1,98.82615,1.0,真新闻
"UK hospital COVID-19 death toll rises 360 to 21,092  https://uk.reuters.com/article/uk-health-coronavirus-britain-toll-idUKKCN2292D5?taid=5ea72868e1ba140001280e32&utm_campaign=trueAnthem%3A+Trending+Content&utm_medium=trueAnthem&utm_source=twitter  pic.twitter.com/bod79bzoYe",1,99.21673,1.0,真新闻
UK PM Johnson says it's too soon to relax COVID lockdown  https://uk.reuters.com/article/uk-health-coronavirus-britain-johnson-te-idUKKCN22910Y?taid=5ea6edcbe1ba140001280d24&utm_campaign=trueAnthem%3A+Trending+Content&utm_medium=trueAnthem&utm_source=twitter  pic.twitter.com/G3OiYit5bq,1,96.499245,1.0,真新闻
"China lab rejects COVID-19 conspiracy claims, but virus origins still a mystery  https://uk.reuters.com/article/us-health-coronavirus-china-lab-idUKKCN22A0MM?taid=5ea7d984e1ba140001281130&utm_campaign=trueAnthem%3A+Trending+Content&utm_medium=trueAnthem&utm_source=twitter  pic.twitter.com/XoUa2FOSQN",1,98.36895,1.0,真新闻
UK on track to become one of Europe's worst hit in COVID-19 pandemic  https://uk.reuters.com/article/us-health-coronavirus-britain-death-idUKKCN22A17I?taid=5ea81c0ae1ba140001281204&utm_campaign=trueAnthem%3A+Trending+Content&utm_medium=trueAnthem&utm_source=twitter  pic.twitter.com/lhIldpHHj2,1,18.749666,1.0,真新闻
UK says some children have died from syndrome linked to COVID-19  https://uk.reuters.com/article/us-health-coronavirus-britain-children-idUKKCN22A0XW?taid=5ea7f1d7e3c40700015eafd7&utm_campaign=trueAnthem%3A+Trending+Content&utm_medium=trueAnthem&utm_source=twitter  pic.twitter.com/fyYnZhcvAZ,1,61.617954,1.0,真新闻
Contact tracing app for COVID-19 could be rolled out in 2-3 weeks - developer  https://uk.reuters.com/article/uk-health-coronavirus-britain-app-idUKKCN22A1H3?taid=5ea8450ce3c40700015eb119&utm_campaign=trueAnthem%3A+Trending+Content&utm_medium=trueAnthem&utm_source=twitter  pic.twitter.com/zBkCBoFeWt,1,7.399217,1.0,真新闻
Samsung's phone fortunes wane as COVID-19 hits 5G phones in Europe and U.S.  https://uk.reuters.com/article/us-samsung-results-smartphones-idUKKBN22B1S3?taid=5ea9c5ae06bb9b0001402d03&utm_campaign=trueAnthem%3A+Trending+Content&utm_medium=trueAnthem&utm_source=twitter  pic.twitter.com/8hS2bkz0es,1,30.240732,1.0,真新闻
Gilead says remdesivir shows improvement in COVID-19 patients when used early  https://uk.reuters.com/article/us-health-coronavirus-gilead-remdesivir-idUKKBN22B1T9?taid=5ea99e47d9c55b000118182a&utm_campaign=trueAnthem%3A+Trending+Content&utm_medium=trueAnthem&utm_source=twitter  pic.twitter.com/9dZljD88z4,1,67.33637,1.0,真新闻
"UK has second-highest COVID-19 death toll in Europe, new figures show  https://uk.reuters.com/article/us-healthbritain-casualties-idUKKBN22B2J8?taid=5ea9cdbfe21434000119f513&utm_campaign=trueAnthem%3A+Trending+Content&utm_medium=trueAnthem&utm_source=twitter  pic.twitter.com/1W1Hjsyqo4",1,79.301994,1.0,真新闻
"Britain has Europe's second highest COVID-19 death toll, new figures show  https://uk.reuters.com/article/uk-health-coronavirus-britain-casualties-idUKKBN22B2JK?taid=5eaa081ee21434000119f5fc&utm_campaign=trueAnthem%3A+Trending+Content&utm_medium=trueAnthem&utm_source=twitter  pic.twitter.com/WFYWXgG0Yv",1,99.40775,1.0,真新闻
Lloyds Banking Group scrapes profit after $1.75 billion COVID-19 provision  https://uk.reuters.com/article/us-lloyds-results-idUKKBN22C0SP?taid=5eaa7f9006bb9b000140302d&utm_campaign=trueAnthem%3A+Trending+Content&utm_medium=trueAnthem&utm_source=twitter  pic.twitter.com/UbaRvzSdRA,1,89.82197,1.0,真新闻
Breakingviews - Guest view: Climate change is the next Covid-19  https://uk.reuters.com/article/us-health-coronavirus-climatechange-brea-idUKKBN22C2SZ?taid=5eab217ad9c55b0001181de0&utm_campaign=trueAnthem%3A+Trending+Content&utm_medium=trueAnthem&utm_source=twitter  pic.twitter.com/w7VW2Uv4bD,1,21.808132,1.0,真新闻
AstraZeneca to produce Oxford University's potential COVID-19 vaccine  https://uk.reuters.com/article/us-health-coronavirus-astrazeneca-oxford-idUKKBN22C0UK?taid=5eaaa2e106bb9b00014030cc&utm_campaign=trueAnthem%3A+Trending+Content&utm_medium=trueAnthem&utm_source=twitter  pic.twitter.com/cy8jcuLEWb,1,73.5818,1.0,真新闻
China opposes international COVID-19 probe that presumes its guilt - vice foreign minister  https://uk.reuters.com/article/uk-health-coronavirus-china-idUKKBN22C00R?taid=5eaa65b6e21434000119f777&utm_campaign=trueAnthem%3A+Trending+Content&utm_medium=trueAnthem&utm_source=twitter  pic.twitter.com/KO0tSr9M5c,1,99.80088,1.0,真新闻
Amazon city resorts to mass graves as Brazil COVID-19 deaths soar  https://uk.reuters.com/article/uk-health-coronavirus-brazil-idUKKBN22B35B?taid=5eaa5329e21434000119f726&utm_campaign=trueAnthem%3A+Trending+Content&utm_medium=trueAnthem&utm_source=twitter  pic.twitter.com/0lB2k8iW0K,1,98.51124,1.0,真新闻
AstraZeneca to produce Oxford University's potential COVID-19 vaccine  https://uk.reuters.com/article/uk-health-coronavirus-astrazeneca-oxford-idUKKBN22C0X5?taid=5eaa8dcd06bb9b0001403074&utm_campaign=trueAnthem%3A+Trending+Content&utm_medium=trueAnthem&utm_source=twitter  pic.twitter.com/SArL9TR8Ui,1,90.037155,1.0,真新闻
"Amazon sees $4 billion in COVID-19-related costs, may not make second-qaurter profit  https://uk.reuters.com/article/uk-amazon-com-results-idUKKBN22C3O4?taid=5eab59be06bb9b00014033d2&utm_campaign=trueAnthem%3A+Trending+Content&utm_medium=trueAnthem&utm_source=twitter  pic.twitter.com/YGtENj86Ad",1,1.3370688,1.0,真新闻
"Delhi CM Arvind Kejriwal on Saturday differed from his BJP counterparts from other states on alleged link between Covid-19 spike in Delhi and Tablighi Jamaat event held in March.
#CoronavirusOutbreak #eAgendaCMspecial https://www.indiatoday.in/coronavirus-outbreak/story/unfair-to-pin-covid-19-blame-on-tablighi-jamaat-kejriwal-at-e-agenda-aaj-tak-1673716-2020-05-02 ",1,1.3678544,1.0,真新闻
"CRPF Additional Director General Jawed Akhtar's stenographer tested positive for Covid-19 early on Sunday. (@kamaljitsandhu) 
#Delhi #CRPF #coronavirus https://www.indiatoday.in/india/story/coronavirus-pandemic-crpf-headquarters-delhi-sealed-staffer-tests-positive-1673874-2020-05-03 ",1,1.1974167,1.0,真新闻
"A @Reuters investigation finds that in shielding its hospitals from COVID-19, Britain left many of the weakest exposed  https://reut.rs/2SCkEs8  pic.twitter.com/qkc9P2V4To",1,99.99579,1.0,真新闻
UK COVID-19 reproduction rate rises to 0.7-1.0  https://uk.reuters.com/article/us-health-coronavirus-britain-infection-idUKKBN22R2HF?taid=5ebf27257d33a000011d3a72&utm_campaign=trueAnthem%3A+Trending+Content&utm_medium=trueAnthem&utm_source=twitter  pic.twitter.com/bjetqqdz60,1,99.520195,1.0,真新闻
New COVID-19 cases in New York coming from people leaving home: Cuomo  https://uk.reuters.com/article/us-health-coronavirus-usa-ny-idUKKBN22S0S8?taid=5ec03a837d33a000011d3e13&utm_campaign=trueAnthem%3A+Trending+Content&utm_medium=trueAnthem&utm_source=twitter  pic.twitter.com/sxcVyPP0un,1,99.11639,1.0,真新闻
"Fearing COVID-19, biggest U.S. university system makes fall term virtual  https://uk.reuters.com/article/uk-health-coronavirus-usa-university-idUKKBN22S01D?taid=5ebf6fce70bced00012afaf8&utm_campaign=trueAnthem%3A+Trending+Content&utm_medium=trueAnthem&utm_source=twitter  pic.twitter.com/s825L1Umom",1,95.07872,1.0,真新闻
New COVID-19 cases in New York coming from people leaving home - Cuomo  https://uk.reuters.com/article/uk-health-coronavirus-usa-idUKKBN22S0S6?taid=5ec06aa1691abf0001ee8c27&utm_campaign=trueAnthem%3A+Trending+Content&utm_medium=trueAnthem&utm_source=twitter  pic.twitter.com/ASwrbTYMtY,1,99.661644,1.0,真新闻
New COVID-19 cases in New York coming from people leaving home - Cuomo  https://uk.reuters.com/article/uk-health-coronavirus-usa-idUKKBN22S0S6?taid=5ec02d767d33a000011d3de8&utm_campaign=trueAnthem%3A+Trending+Content&utm_medium=trueAnthem&utm_source=twitter  pic.twitter.com/T86WetrZam,1,99.661644,1.0,真新闻
Hungary to gradually lift COVID-19 lockdown in Budapest from Monday - PM Orban  https://uk.reuters.com/article/uk-health-coronavirus-hungary-lockdown-idUKKBN22S0KP?taid=5ec031fd691abf0001ee8b4b&utm_campaign=trueAnthem%3A+Trending+Content&utm_medium=trueAnthem&utm_source=twitter  pic.twitter.com/eHO0SAuCIw,1,57.485123,1.0,真新闻
UK researchers test dogs' ability to sniff out COVID-19  https://uk.reuters.com/article/uk-health-coronavirus-britain-dogs-idUKKBN22R3ET?taid=5ebf353570bced00012afa11&utm_campaign=trueAnthem%3A+Trending+Content&utm_medium=trueAnthem&utm_source=twitter  pic.twitter.com/6ED1T5tV6O,1,94.9039,1.0,真新闻
China urges food companies to boost supplies on fears of further COVID-19 disruption  https://uk.reuters.com/article/us-health-coronavirus-china-food-idUKKBN22T052?taid=5ec0db14691abf0001ee8dc9&utm_campaign=trueAnthem%3A+Trending+Content&utm_medium=trueAnthem&utm_source=twitter  pic.twitter.com/y19AxN1l8w,1,98.62593,1.0,真新闻
Temporary layoff schemes no cure-all in slow COVID recovery  https://uk.reuters.com/article/uk-health-coronavirus-unemployment-idUKKBN22T05P?taid=5ec1367c70bced00012b0124&utm_campaign=trueAnthem%3A+Trending+Content&utm_medium=trueAnthem&utm_source=twitter  pic.twitter.com/dSzSrjSifu,1,69.65655,1.0,真新闻
U.S. FDA suspends Gates-backed at-home COVID-19 testing program  https://uk.reuters.com/article/uk-health-coronavirus-tests-idUKKBN22S0R8?taid=5ec0a9dc691abf0001ee8d18&utm_campaign=trueAnthem%3A+Trending+Content&utm_medium=trueAnthem&utm_source=twitter  pic.twitter.com/gOkIKAuxrI,1,99.85609,1.0,真新闻
China's Wuhan nearly doubles number of COVID-19 tests per day  https://uk.reuters.com/article/uk-health-coronavirus-china-wuhan-idUKKBN22T0GT?taid=5ec1600b691abf0001ee8fd9&utm_campaign=trueAnthem%3A+Trending+Content&utm_medium=trueAnthem&utm_source=twitter  pic.twitter.com/zRduvhoUYc,1,97.92475,1.0,真新闻
"Moderna's COVID-19 vaccine shows promise in early study, shares soar  https://uk.reuters.com/article/us-health-coronavirus-moderna-idUKKBN22U1KQ?taid=5ec2b6a4d45cf900016486b1&utm_campaign=trueAnthem%3A+Trending+Content&utm_medium=trueAnthem&utm_source=twitter  pic.twitter.com/N25B6NBNmS",1,99.80168,1.0,真新闻
Moderna's experimental COVID-19 vaccine shows promise in early-stage study  https://uk.reuters.com/article/uk-health-coronavirus-moderna-idUKKBN22U1O6?taid=5ec2a41cd45cf90001648665&utm_campaign=trueAnthem%3A+Trending+Content&utm_medium=trueAnthem&utm_source=twitter  pic.twitter.com/V68bCEncdm,1,99.73476,1.0,真新闻
"Bank of England, facing COVID slump, revives negative rates talk  https://uk.reuters.com/article/uk-health-coronavirus-britain-boe-idUKKBN22U1OY?taid=5ec2f175ae508400012a7084&utm_campaign=trueAnthem%3A+Trending+Content&utm_medium=trueAnthem&utm_source=twitter  pic.twitter.com/9g35jkZnsG",1,97.7089,1.0,真新闻
Sweden tops Europe COVID-19 deaths per capita over last seven days  https://uk.reuters.com/article/uk-health-coronavirus-sweden-casualties-idUKKBN22V26V?taid=5ec40aabfe7ea00001579215&utm_campaign=trueAnthem%3A+Trending+Content&utm_medium=trueAnthem&utm_source=twitter  pic.twitter.com/mmxN1fY07N,1,72.876205,1.0,真新闻
"UK COVID-19 death toll nears 43,000 as scrutiny over strategy grows  https://uk.reuters.com/article/uk-health-coronavirus-britain-toll-idUKKBN22V12Q?taid=5ec3eea0fe7ea0000157919b&utm_campaign=trueAnthem%3A+Trending+Content&utm_medium=trueAnthem&utm_source=twitter  pic.twitter.com/yqEzWTaOpP",1,96.84534,1.0,真新闻
"UK COVID-19 death toll nears 43,000 - official data  https://uk.reuters.com/article/uk-health-coronavirus-britain-toll-idUKKBN22V12Q?taid=5ec3af34fd929f0001f0cc1a&utm_campaign=trueAnthem%3A+Trending+Content&utm_medium=trueAnthem&utm_source=twitter  pic.twitter.com/F21lbJReek",1,61.86978,1.0,真新闻
"Children with COVID-19 may be less contagious than adults, two UK epidemiologists say  https://uk.reuters.com/article/uk-health-coronavirus-britain-epidemiolo-idUKKBN22V1JV?taid=5ec4245dfd929f0001f0cdeb&utm_campaign=trueAnthem%3A+Trending+Content&utm_medium=trueAnthem&utm_source=twitter  pic.twitter.com/HSeKzeoODC",1,44.138515,1.0,真新闻
Brazilian doctors medevac indigenous COVID-19 cases to Amazon city  https://uk.reuters.com/article/uk-health-coronavirus-brazil-indigenous-idUKKBN22V011?taid=5ec366a4aa4703000103bb7d&utm_campaign=trueAnthem%3A+Trending+Content&utm_medium=trueAnthem&utm_source=twitter  pic.twitter.com/JR8RBFGhnM,1,93.73626,1.0,真新闻
"India, U.S. to collaborate on #COVID-19 vaccine trials', say U.S. health officials  https://trib.al/dY0a3x6 ",1,1.9331524,1.0,真新闻
A nurse struggled with COVID-19 trauma. He was found dead in his car  https://uk.reuters.com/article/us-health-coronavirus-nurse-death-insigh-idUKKBN22W1JD?taid=5ec5471daa4703000103c2b5&utm_campaign=trueAnthem%3A+Trending+Content&utm_medium=trueAnthem&utm_source=twitter  pic.twitter.com/psdMXCAo9r,1,1.8085821,1.0,真新闻
Explainer: Do children spread COVID-19? Risks as schools consider reopening  https://uk.reuters.com/article/us-health-coronavirus-children-explainer-idUKKBN22V33B?taid=5ec48285fe7ea000015793f0&utm_campaign=trueAnthem%3A+Trending+Content&utm_medium=trueAnthem&utm_source=twitter  pic.twitter.com/MoqOvgdFZI,1,99.26389,1.0,真新闻
Sweden tops Europe COVID-19 deaths per capita over last 7 days  https://uk.reuters.com/article/uk-health-coronavirus-sweden-casualties-idUKKBN22V26V?taid=5ec58674aa4703000103c3b8&utm_campaign=trueAnthem%3A+Trending+Content&utm_medium=trueAnthem&utm_source=twitter  pic.twitter.com/VEVPPUpZCP,1,72.19646,1.0,真新闻
GSK ties up with gene editing start-up Mammoth for COVID-19 test  https://uk.reuters.com/article/uk-health-coronavirus-gsk-mammoth-idUKKBN22W2HQ?taid=5ec57f06fd929f0001f0d3bd&utm_campaign=trueAnthem%3A+Trending+Content&utm_medium=trueAnthem&utm_source=twitter  pic.twitter.com/gRv9beO32K,1,84.632385,1.0,真新闻
Unions say Ryanair exaggerating COVID threat to undermine conditions  https://uk.reuters.com/article/uk-health-conornavirus-ryanair-idUKKBN22W1YZ?taid=5ec58d79fd929f0001f0d409&utm_campaign=trueAnthem%3A+Trending+Content&utm_medium=trueAnthem&utm_source=twitter  pic.twitter.com/F6hCFYCoch,1,96.30205,1.0,真新闻
U.S. secures 300 million doses of potential AstraZeneca COVID-19 vaccine  https://uk.reuters.com/article/us-health-coronavirus-astrazeneca-idUKKBN22X0J9?taid=5ec691affe7ea00001579b8e&utm_campaign=trueAnthem%3A+Trending+Content&utm_medium=trueAnthem&utm_source=twitter  pic.twitter.com/VvWQ6vpeeP,1,99.75256,1.0,真新闻
"UK economy stuck in COVID slump, pace of slide eases in May - PMI  https://uk.reuters.com/article/uk-health-coronavirus-britain-economy-idUKKBN22X0VJ?taid=5ec6c063aa4703000103c871&utm_campaign=trueAnthem%3A+Trending+Content&utm_medium=trueAnthem&utm_source=twitter  pic.twitter.com/TPP6mcdC2Y",1,98.408005,1.0,真新闻
UK economy shows signs of bottoming out after COVID crash - PMIs  https://uk.reuters.com/article/uk-health-coronavirus-britain-economy-idUKKBN22X0VJ?taid=5ec66047fe7ea00001579ad1&utm_campaign=trueAnthem%3A+Trending+Content&utm_medium=trueAnthem&utm_source=twitter  pic.twitter.com/zZNmjHCq18,1,95.973404,1.0,真新闻
U.S. secures 300 million doses of potential AstraZeneca COVID-19 vaccine  https://uk.reuters.com/article/uk-health-coronavirus-astrazeneca-idUKKBN22X0UW?taid=5ec65963fe7ea00001579ab5&utm_campaign=trueAnthem%3A+Trending+Content&utm_medium=trueAnthem&utm_source=twitter  pic.twitter.com/1nwPzULHpP,1,99.84029,1.0,真新闻
How one Indian company could be world's door to a COVID-19 vaccine  https://uk.reuters.com/article/us-health-coronavirus-india-serum-insigh-idUKKBN22Y2BI?taid=5ec85395c4c54c00017f12a7&utm_campaign=trueAnthem%3A+Trending+Content&utm_medium=trueAnthem&utm_source=twitter  pic.twitter.com/hVhqTBZXk0,1,73.34786,1.0,真新闻
"UK borrowing soars, retail sales plunge as COVID hits economy  https://uk.reuters.com/article/us-health-coronavirus-britain-economy-idUKKBN22Y0R6?taid=5ec782fec4c54c0001299331&utm_campaign=trueAnthem%3A+Trending+Content&utm_medium=trueAnthem&utm_source=twitter  pic.twitter.com/ydWvVwyFs4",1,68.091324,1.0,真新闻
Kante prepared to miss rest of season due to COVID-19 concerns - reports  https://uk.reuters.com/article/uk-health-coronavirus-soccer-che-kante-idUKKBN22Y2S4?taid=5ec85a9dbbdff20001f193c2&utm_campaign=trueAnthem%3A+Trending+Content&utm_medium=trueAnthem&utm_source=twitter  pic.twitter.com/8m0BD1NbGg,1,68.32309,1.0,真新闻
French court orders insurer AXA to pay restaurant's COVID-19 losses  https://uk.reuters.com/article/uk-health-coronavirus-insurance-axa-idUKKBN22Y26F?taid=5ec81350fb44e00001b15835&utm_campaign=trueAnthem%3A+Trending+Content&utm_medium=trueAnthem&utm_source=twitter  pic.twitter.com/Xcn2uXo5ak,1,99.47412,1.0,真新闻
Full disclosure? Hedge funds navigate COVID health questions  https://uk.reuters.com/article/uk-health-coronavirus-hedgefunds-idUKKBN22Y0PM?taid=5ec78556c4c54c0001299334&utm_campaign=trueAnthem%3A+Trending+Content&utm_medium=trueAnthem&utm_source=twitter  pic.twitter.com/Icu9KK0FHa,1,98.33213,1.0,真新闻
A young woman makes COVID-19 warning her dad's final gift to the world  https://uk.reuters.com/article/uk-health-coronavirus-grief-idUKKBN22Y1B2?taid=5ec7f2e3fb44e00001b157af&utm_campaign=trueAnthem%3A+Trending+Content&utm_medium=trueAnthem&utm_source=twitter  pic.twitter.com/SmGWhBVs0g,1,15.407723,1.0,真新闻
"Children with COVID-19 may have lower infectivity than adults, UK scientists say  https://uk.reuters.com/article/uk-health-coronavirus-britain-education-idUKKBN22Y1UG?taid=5ec803f1c4c54c00017f1176&utm_campaign=trueAnthem%3A+Trending+Content&utm_medium=trueAnthem&utm_source=twitter  pic.twitter.com/lD2G6mhhXM",1,98.72513,1.0,真新闻
Nobel winner attacks lack of British leadership through COVID-19  https://uk.reuters.com/article/uk-health-coronavirus-britain-criticism-idUKKBN22Y11V?taid=5ec7a5a9c4c54c00012993cc&utm_campaign=trueAnthem%3A+Trending+Content&utm_medium=trueAnthem&utm_source=twitter  pic.twitter.com/q0FBguqF9s,1,58.228867,1.0,真新闻
Bank of England to phase out some emergency COVID support  https://uk.reuters.com/article/uk-britain-boe-ctrf-idUKKBN22Y1CW?taid=5ec806fdfb44e00001b15808&utm_campaign=trueAnthem%3A+Trending+Content&utm_medium=trueAnthem&utm_source=twitter  pic.twitter.com/zVLPLbqo9O,1,88.97938,1.0,真新闻
"South America a new COVID epicenter, Africa reaches 100,000 cases, WHO says  https://uk.reuters.com/article/us-health-coronavirus-who-regions-idUKKBN22Y2IV?taid=5ec8aca4fb44e00001b15ac4&utm_campaign=trueAnthem%3A+Trending+Content&utm_medium=trueAnthem&utm_source=twitter  pic.twitter.com/M8QAjIeShL",1,18.684717,1.0,真新闻
UK eyes cuts to Huawei's 5G network involvement in wake of COVID-19: report  https://uk.reuters.com/article/us-health-coronavirus-britain-huawei-tec-idUKKBN22Y2VB?taid=5ec876bec4c54c00017f1335&utm_campaign=trueAnthem%3A+Trending+Content&utm_medium=trueAnthem&utm_source=twitter  pic.twitter.com/FRBhtfb6rg,1,5.924035,1.0,真新闻
"Special Report: In Oklahoma pork-packing town, COVID stirs fear, faith and sorrow  https://uk.reuters.com/article/uk-health-coronavirus-meat-plant-special-idUKKBN22Z0SI?taid=5ec9a515fb44e00001b15e5e&utm_campaign=trueAnthem%3A+Trending+Content&utm_medium=trueAnthem&utm_source=twitter  pic.twitter.com/Tnb3hsAaKE",1,58.82366,1.0,真新闻
"UK COVID-19 death toll rises 282 to 36,675  https://uk.reuters.com/article/uk-health-coronavirus-britain-toll-idUKKBN22Z0NT?taid=5ec95c6cc4c54c00017f163b&utm_campaign=trueAnthem%3A+Trending+Content&utm_medium=trueAnthem&utm_source=twitter  pic.twitter.com/nKBw86ajtv",1,72.891014,1.0,真新闻
One-hour COVID-19 test being trialed at hospitals around London  https://uk.reuters.com/article/uk-health-coronavirus-britain-test-idUKKBN22Z0NE?taid=5ec9530dc4c54c00017f161c&utm_campaign=trueAnthem%3A+Trending+Content&utm_medium=trueAnthem&utm_source=twitter  pic.twitter.com/6Rgy4zcz44,1,99.82286,1.0,真新闻
COVID-19 distancing compels shifts at the beach on crowded U.S. Memorial Day weekend  https://uk.reuters.com/article/uk-health-coronavirus-usa-memorialday-idUKKBN22Z0T8?taid=5ec9c142bbdff2000163fa45&utm_campaign=trueAnthem%3A+Trending+Content&utm_medium=trueAnthem&utm_source=twitter  pic.twitter.com/TDiMGaZYpn,1,94.174286,1.0,真新闻
"Special Report: In Oklahoma pork-packing town, COVID stirs fear, faith and sorrow  https://uk.reuters.com/article/uk-health-coronavirus-meat-plant-special-idUKKBN22Z0SI?taid=5eca046cbbdff2000163fb04&utm_campaign=trueAnthem%3A+Trending+Content&utm_medium=trueAnthem&utm_source=twitter  pic.twitter.com/0gOcNu9oFq",1,58.82366,1.0,真新闻
Germany tries to trace people who attended church service at which COVID-19 spread  https://uk.reuters.com/article/uk-health-coronavirus-germany-idUKKBN2300JP?taid=5ecac55cfb44e00001b1620a&utm_campaign=trueAnthem%3A+Trending+Content&utm_medium=trueAnthem&utm_source=twitter  pic.twitter.com/xEVr071kvi,1,12.183516,1.0,真新闻
WHO warns of 'second peak' in areas where COVID-19 declining  https://uk.reuters.com/article/us-health-coronavirus-who-peak-idUKKBN2311VJ?taid=5ecc24ed34b9fa0001dabad6&utm_campaign=trueAnthem%3A+Trending+Content&utm_medium=trueAnthem&utm_source=twitter  pic.twitter.com/pU7QJJLrHa,1,95.49978,1.0,真新闻
"COVID-19 deaths in Sweden top 4,000 - Public Health Agency  https://uk.reuters.com/article/uk-health-coronavirus-sweden-toll-idUKKBN2311B9?taid=5ecbe70b34b9fa0001dab9fa&utm_campaign=trueAnthem%3A+Trending+Content&utm_medium=trueAnthem&utm_source=twitter  pic.twitter.com/LxPqidNu7E",1,95.87611,1.0,真新闻
China reports 11 new mainland COVID-19 cases versus three a day earlier  https://uk.reuters.com/article/uk-health-coronavirus-china-cases-idUKKBN23102J?taid=5ecb56b234b9fa0001dab80c&utm_campaign=trueAnthem%3A+Trending+Content&utm_medium=trueAnthem&utm_source=twitter  pic.twitter.com/luGxL6Y7ZU,1,88.07252,1.0,真新闻
Hospital in English tourist town stops taking patients due to COVID spike  https://uk.reuters.com/article/uk-health-coronavirus-britain-hospital-idUKKBN23112Y?taid=5ecbbb754d8fc400014202f6&utm_campaign=trueAnthem%3A+Trending+Content&utm_medium=trueAnthem&utm_source=twitter  pic.twitter.com/x8UewVhOsc,1,96.225235,1.0,真新闻
Red Cross urges halt to cyberattacks on healthcare sector amid COVID-19  https://uk.reuters.com/article/us-health-coronavirus-redcross-idUKKBN2320DN?taid=5eccaf3534b9fa0001dabcd8&utm_campaign=trueAnthem%3A+Trending+Content&utm_medium=trueAnthem&utm_source=twitter  pic.twitter.com/choUFNWvKS,1,97.70421,1.0,真新闻
Britain to provide anti-viral drug remdesivir to some COVID-19 patients  https://uk.reuters.com/article/us-health-coronavirus-britain-remdesivir-idUKKBN2321BQ?taid=5ecd41c79e7b1b0001fda656&utm_campaign=trueAnthem%3A+Trending+Content&utm_medium=trueAnthem&utm_source=twitter  pic.twitter.com/UMyxuE6DkY,1,98.95531,1.0,真新闻
"UK COVID-19 death toll tops 47,000 as pressure heaps on PM Johnson  https://uk.reuters.com/article/us-health-coronavirus-britain-casualties-idUKKBN23211E?taid=5ecd6f6f34b9fa00015b93dc&utm_campaign=trueAnthem%3A+Trending+Content&utm_medium=trueAnthem&utm_source=twitter  pic.twitter.com/GVjek1dVI0",1,20.704403,1.0,真新闻
"UK COVID-19 death toll tops 47,000 as pressure heaps on PM Johnson  https://uk.reuters.com/article/us-health-coronavirus-britain-casualties-idUKKBN23211E?taid=5ecd32754d8fc40001e3b6b6&utm_campaign=trueAnthem%3A+Trending+Content&utm_medium=trueAnthem&utm_source=twitter  pic.twitter.com/IHBqOXsHZ4",1,20.704403,1.0,真新闻
"UK COVID-19 death toll tops 47,000  https://uk.reuters.com/article/us-health-coronavirus-britain-casualties-idUKKBN23211E?taid=5eccf0e134b9fa0001dabdc3&utm_campaign=trueAnthem%3A+Trending+Content&utm_medium=trueAnthem&utm_source=twitter  pic.twitter.com/xuv6DLzYGe",1,98.63342,1.0,真新闻
WHO pauses trial of hydroxychloroquine in COVID-19 patients due to safety concerns  https://uk.reuters.com/article/uk-health-coronavirus-who-hydroxychloroq-idUKKBN23127O?taid=5ecc875d34b9fa0001dabc48&utm_campaign=trueAnthem%3A+Trending+Content&utm_medium=trueAnthem&utm_source=twitter  pic.twitter.com/bXkEXGaxK8,1,98.11086,1.0,真新闻
France again ranks No. 4 in COVID-19 deaths as Spain revises tally  https://uk.reuters.com/article/uk-health-coronavirus-france-casualties-idUKKBN23124B?taid=5ecc64354d8fc400014204fe&utm_campaign=trueAnthem%3A+Trending+Content&utm_medium=trueAnthem&utm_source=twitter  pic.twitter.com/0MaqtaQyhn,1,86.95063,1.0,真新闻
"UK COVID-19 confirmed death toll rises 134 to 37,048  https://uk.reuters.com/article/uk-health-coronavirus-britain-toll-idUKKBN23222L?taid=5ecd478d4d8fc40001e3b6f8&utm_campaign=trueAnthem%3A+Trending+Content&utm_medium=trueAnthem&utm_source=twitter  pic.twitter.com/vkb4iUreZw",1,99.64287,1.0,真新闻
"UK COVID-19 death toll tops 47,000 as pressure heaps on PM Johnson  https://uk.reuters.com/article/uk-health-coronavirus-britain-casualties-idUKKBN232118?taid=5ecd34cd4d8fc40001e3b6b9&utm_campaign=trueAnthem%3A+Trending+Content&utm_medium=trueAnthem&utm_source=twitter  pic.twitter.com/tjzTIzGUl1",1,47.06152,1.0,真新闻
"The U.S. Supreme Court refused a Trump administration request to block a ruling requiring prison officials to move more than 800 older or medically vulnerable prisoners from a facility in Ohio that has seen 9 deaths from Covid-19
 https://nyti.ms/2XAEwhb ",1,0.2731211,1.0,真新闻
"France, Italy, Belgium act to stop use of hydroxychloroquine for COVID-19 on safety fears  https://uk.reuters.com/article/uk-health-coronavirus-hydroxychloroquine-idUKKBN23319B?taid=5ecead8b9e7b1b0001fdac34&utm_campaign=trueAnthem%3A+Trending+Content&utm_medium=trueAnthem&utm_source=twitter  pic.twitter.com/0yNxZJYFNr",1,2.5901005,1.0,真新闻
"In Brazil's shadow, laid-back Uruguay curbs COVID-19  https://uk.reuters.com/article/us-health-coronavirus-uruguay-idUKKBN2340EG?taid=5ecf5b9a4d8fc40001e3beee&utm_campaign=trueAnthem%3A+Trending+Content&utm_medium=trueAnthem&utm_source=twitter  pic.twitter.com/iI391S5KiM",1,40.68267,1.0,真新闻
"Google sees resurgence in state-backed hacking, phishing related to COVID-19  https://uk.reuters.com/article/us-health-coronavirus-cyber-idUKKBN2340CH?taid=5ecf56009e7b1b0001fdaeec&utm_campaign=trueAnthem%3A+Trending+Content&utm_medium=trueAnthem&utm_source=twitter  pic.twitter.com/4e7wlSeTJR",1,90.460144,1.0,真新闻
England's COVID-19 test and trace system begins as adviser row rumbles on  https://uk.reuters.com/article/us-health-coronavirus-britain-idUKKBN2340RZ?taid=5ecfe5fe842569000110b24a&utm_campaign=trueAnthem%3A+Trending+Content&utm_medium=trueAnthem&utm_source=twitter  pic.twitter.com/8i2UG4V2mQ,1,98.59373,1.0,真新闻
AstraZeneca partners with Oxford Biomedica to expand COVID-19 vaccine manufacturing capacity  https://uk.reuters.com/article/uk-oxford-biomedica-astrazeneca-supply-a-idUKKBN2341V0?taid=5ecfd31cb4f70100016316bb&utm_campaign=trueAnthem%3A+Trending+Content&utm_medium=trueAnthem&utm_source=twitter  pic.twitter.com/TfsqCGkY05,1,95.99234,1.0,真新闻
S&P cuts Rolls-Royce credit rating to junk on COVID-19 hit  https://uk.reuters.com/article/uk-health-coronavirus-rolls-royce-hldg-idUKKBN2343DD?taid=5ed04aa4b4f70100016318c9&utm_campaign=trueAnthem%3A+Trending+Content&utm_medium=trueAnthem&utm_source=twitter  pic.twitter.com/O8fYvgqso6,1,93.7158,1.0,真新闻
"UK employers should pay wages of those asked to isolate by COVID-19 trace system, minister says  https://uk.reuters.com/article/uk-health-coronavirus-britain-idUKKBN2340RT?taid=5ecf693034b9fa00015b9b5c&utm_campaign=trueAnthem%3A+Trending+Content&utm_medium=trueAnthem&utm_source=twitter  pic.twitter.com/UaYSmiYzry",1,39.600727,1.0,真新闻
"UK economy to struggle to recover from ""searing"" COVID blow - BoE's Saunders  https://uk.reuters.com/article/uk-health-coronavirus-britain-boe-idUKKBN2341H7?taid=5ecfc50c842569000110b1d5&utm_campaign=trueAnthem%3A+Trending+Content&utm_medium=trueAnthem&utm_source=twitter  pic.twitter.com/tfJpcXHB96",1,93.287384,1.0,真新闻
"UK COVID-19 confirmed death toll rises 324 to 38,161  https://uk.reuters.com/article/us-health-coronavirus-britain-toll-idUKKBN2352GX?taid=5ed15381710ac20001b0cc1c&utm_campaign=trueAnthem%3A+Trending+Content&utm_medium=trueAnthem&utm_source=twitter  pic.twitter.com/dQgbuf47ni",1,99.18139,1.0,真新闻
Twitter flags China spokesman's tweet on COVID-19  https://uk.reuters.com/article/uk-twitter-china-factcheck-idUKKBN23506M?taid=5ed09a2ab4f7010001631a2e&utm_campaign=trueAnthem%3A+Trending+Content&utm_medium=trueAnthem&utm_source=twitter  pic.twitter.com/bovwfuCx6t,1,99.85119,1.0,真新闻
"WHO, 37 countries launch alliance to share tools to battle COVID-19  https://uk.reuters.com/article/uk-health-coronavirus-who-idUKKBN2352BO?taid=5ed163ef710ac20001b0cc60&utm_campaign=trueAnthem%3A+Trending+Content&utm_medium=trueAnthem&utm_source=twitter  pic.twitter.com/Ludo1p3V0s",1,90.98569,1.0,真新闻
"Britain needs to start tapering its COVID furlough scheme, minister says  https://uk.reuters.com/article/uk-health-coronavirus-britain-eustice-idUKKBN2350NH?taid=5ed0b80ab4f7010001631aaa&utm_campaign=trueAnthem%3A+Trending+Content&utm_medium=trueAnthem&utm_source=twitter  pic.twitter.com/U9ePj2OVSp",1,99.80399,1.0,真新闻
Exclusive: Sanofi stops enrolling COVID-19 patients in hydroxychloroquine trials  https://uk.reuters.com/article/uk-healthcare-coronavirus-hydroxychloroq-idUKKBN2352I7?taid=5ed16af7710ac20001b0cc85&utm_campaign=trueAnthem%3A+Trending+Content&utm_medium=trueAnthem&utm_source=twitter  pic.twitter.com/dsnMeG361x,1,92.16298,1.0,真新闻
"England risks COVID-19 resurgence by ending lockdown too soon, scientific advisers say  https://uk.reuters.com/article/uk-health-coronavirus-britain-idUKKBN2360A0?taid=5ed287fdb4f7010001632228&utm_campaign=trueAnthem%3A+Trending+Content&utm_medium=trueAnthem&utm_source=twitter  pic.twitter.com/boq6iOLXmp",1,99.94639,1.0,真新闻
Bosnians protest as officials accused of COVID-19 graft  https://uk.reuters.com/article/uk-bosnia-protest-idUKKBN2360JB?taid=5ed2bc83710ac20001b0d162&utm_campaign=trueAnthem%3A+Trending+Content&utm_medium=trueAnthem&utm_source=twitter  pic.twitter.com/qrWrS6H2YV,1,48.67504,1.0,真新闻
"No COVID-19 deaths reported in Sweden in 24 hours, but weekend figures typically delayed  https://uk.reuters.com/article/uk-health-coronavirus-sweden-casualties-idUKKBN2370GS?taid=5ed3d05db4f70100016326fc&utm_campaign=trueAnthem%3A+Trending+Content&utm_medium=trueAnthem&utm_source=twitter  pic.twitter.com/wV6GFjGsM3",1,4.593256,1.0,真新闻
French COVID-19 cases show further decline  https://uk.reuters.com/article/uk-health-coronavirus-france-casualties-idUKKBN2370L1?taid=5ed3f7b0b4f701000163279d&utm_campaign=trueAnthem%3A+Trending+Content&utm_medium=trueAnthem&utm_source=twitter  pic.twitter.com/0RfOmsFHjV,1,81.735176,1.0,真新闻
MPs shielding from Covid-19 allowed proxy vote in Johnson U-turn  https://www.theguardian.com/politics/2020/jun/03/mps-shielding-from-covid-19-allowed-proxy-vote-in-johnson-u-turn?utm_term=Autofeed&CMP=twt_b-gdnnews&utm_medium=Social&utm_source=Twitter#Echobox=1591209048 ,1,0.3145888,1.0,真新闻
"UK COVID-19 death toll surpasses 50,000 - Reuters tally  https://reut.rs/2XuPk1k  pic.twitter.com/KqZciiSNJ9",1,73.7812,1.0,真新闻
"On Tuesday, 38 people were found positive for COVID-19 and total positive cases till date stand at 691. A total of 423 patients have recovered so far. There are 258 active cases now: Sunil Dohare, Gautam Buddh Nagar District Surveillance Officer 
#Noida https://www.indiatoday.in/india/story/noida-covid-19-death-toll-rises-10-tally-nears-700-1687328-2020-06-09 ",1,0.2298967,1.0,真新闻
"UK COVID-19 death toll nears 52,000, Reuters tally shows  https://reut.rs/2UnQPMH  pic.twitter.com/HbMhwgdaQG",1,69.93509,1.0,真新闻
Stock markets fall heavily as another 1.5m Americans claim benefits amid Covid-19 crisis  business live  https://www.theguardian.com/business/live/2020/jun/11/global-stock-markets-federal-reserve-jerome-powell-ftse-dollar-pound-covid-19-business-live?utm_term=Autofeed&CMP=twt_b-gdnnews&utm_medium=Social&utm_source=Twitter#Echobox=1591881820 ,1,13.323455,1.0,真新闻
"From crowded tubes to pedal power, London's COVID transport challenge  https://uk.reuters.com/article/uk-health-coronavirus-london-transport-idUKKBN23M0H5?taid=5ee78cca368a070001c9758f&utm_campaign=trueAnthem%3A+Trending+Content&utm_medium=trueAnthem&utm_source=twitter  pic.twitter.com/mvwSP1CXzr",1,58.79794,1.0,真新闻
Thai trials of COVID-19 vaccine reach make-or-break stage  https://uk.reuters.com/article/us-health-coronavirus-thailand-vaccine-idUKKBN23T1LV?taid=5ef0e396b353e800011546cc&utm_campaign=trueAnthem%3A+Trending+Content&utm_medium=trueAnthem&utm_source=twitter  pic.twitter.com/stFvu3PhJx,1,99.523384,1.0,真新闻
"COVID backlash is worst scenario, says Djokovic's brother  https://uk.reuters.com/article/uk-tennis-serbia-djokovic-idUKKBN23U1GY?taid=5ef21a1d2939cf00014a7b39&utm_campaign=trueAnthem%3A+Trending+Content&utm_medium=trueAnthem&utm_source=twitter  pic.twitter.com/WnZgfFgYt9",1,99.050835,1.0,真新闻
Sanofi eyes approval of COVID-19 vaccine by first half of 2021  https://uk.reuters.com/article/uk-health-coronavirus-sanofi-vaccine-idUKKBN23U0JX?taid=5ef1a4ecb353e80001154a08&utm_campaign=trueAnthem%3A+Trending+Content&utm_medium=trueAnthem&utm_source=twitter  pic.twitter.com/jgZgbbnEl8,1,91.234,1.0,真新闻
"UK COVID-19 death toll tops 54,000 including suspected cases - Reuters tally  https://uk.reuters.com/article/uk-health-coronavirus-britain-casualties-idUKKBN23U16H?taid=5ef252735c019a0001ca983a&utm_campaign=trueAnthem%3A+Trending+Content&utm_medium=trueAnthem&utm_source=twitter  pic.twitter.com/04OGmf35jS",1,99.984535,1.0,真新闻
"UK COVID-19 death toll tops 54,000 including suspected cases: Reuters tally  https://uk.reuters.com/article/uk-health-coronavirus-britain-casualties-idUKKBN23U16H?taid=5ef1e1de2939cf00014a7a62&utm_campaign=trueAnthem%3A+Trending+Content&utm_medium=trueAnthem&utm_source=twitter  pic.twitter.com/6iFlVVxOO9",1,99.984535,1.0,真新闻
Trials with Oxford COVID-19 vaccine start in Brazil  https://uk.reuters.com/article/uk-health-coronavirus-brazil-vaccine-idUKKBN23U1SX?taid=5ef213222939cf00014a7b18&utm_campaign=trueAnthem%3A+Trending+Content&utm_medium=trueAnthem&utm_source=twitter  pic.twitter.com/jVQ9ufPU6T,1,93.66895,1.0,真新闻
Japan's success in curbing COVID-19 cases now hampers search for cures  https://uk.reuters.com/article/us-health-coronavirus-japan-trials-idUKKBN23V0E9?taid=5ef2e606154a38000139e79f&utm_campaign=trueAnthem%3A+Trending+Content&utm_medium=trueAnthem&utm_source=twitter  pic.twitter.com/1Y3U5SJDyC,1,98.594795,1.0,真新闻
Airline easyJet raises cash after losses widen due to COVID-19  https://uk.reuters.com/article/us-easyjet-results-idUKKBN23V2IH?taid=5ef3e3244ce8410001ba3186&utm_campaign=trueAnthem%3A+Trending+Content&utm_medium=trueAnthem&utm_source=twitter  pic.twitter.com/i0pbd7HxIU,1,89.889595,1.0,真新闻
Factbox: Djokovic slammed after testing positive for COVID-19  https://uk.reuters.com/article/uk-health-coronavirus-tennis-djokovic-re-idUKKBN23U2TR?taid=5ef2bbd8154a38000139e70c&utm_campaign=trueAnthem%3A+Trending+Content&utm_medium=trueAnthem&utm_source=twitter  pic.twitter.com/JVEcH6dcRp,1,68.031555,1.0,真新闻
"Not surprising to see Djokovic test positive for COVID-19, says Murray  https://uk.reuters.com/article/uk-health-coronavirus-tennis-britain-idUKKBN23U35N?taid=5ef325552d01590001d6ffec&utm_campaign=trueAnthem%3A+Trending+Content&utm_medium=trueAnthem&utm_source=twitter  pic.twitter.com/sdIy2ej0N4",1,83.84406,1.0,真新闻
AstraZeneca taps Scottish firm for tenth COVID-19 vaccine supply deal  https://uk.reuters.com/article/uk-health-coronavirus-astrazeneca-symbio-idUKKBN23V1U7?taid=5ef36b9c2d01590001d700c3&utm_campaign=trueAnthem%3A+Trending+Content&utm_medium=trueAnthem&utm_source=twitter  pic.twitter.com/XnFSfpMo96,1,99.46063,1.0,真新闻
"easyJet's first-half loss widens as COVID-19 hurts travel, seeks cash  https://uk.reuters.com/article/uk-easyjet-results-idUKKBN23V2I7?taid=5ef39c1302003a000121ab2a&utm_campaign=trueAnthem%3A+Trending+Content&utm_medium=trueAnthem&utm_source=twitter  pic.twitter.com/NApfflSFId",1,83.95127,1.0,真新闻
Antibody test accuracy lower during first 14 days of Covid-19 symptoms  https://www.theguardian.com/world/2020/jun/25/antibody-test-accuracy-lower-during-first-14-days-of-covid-19-symptoms?utm_term=Autofeed&CMP=twt_b-gdnnews&utm_medium=Social&utm_source=Twitter#Echobox=1593124000 ,1,0.10716149,1.0,真新闻
England COVID-19 test and trace system fails to reach a quarter of positive cases  https://uk.reuters.com/article/us-health-coronavirus-britain-trace-idUKKBN23W1N5?taid=5ef4cfe089f42300010630da&utm_campaign=trueAnthem%3A+Trending+Content&utm_medium=trueAnthem&utm_source=twitter  pic.twitter.com/Ev0tZARJB4,1,10.278073,1.0,真新闻
UK beach town raises alarm as huge crowds ignore COVID advice and flock to the coast  https://uk.reuters.com/article/us-health-coronavirus-britain-beaches-idUKKBN23W2HI?taid=5ef5117d4ce8410001466dae&utm_campaign=trueAnthem%3A+Trending+Content&utm_medium=trueAnthem&utm_source=twitter  pic.twitter.com/l1QPrJ6opt,1,11.858422,1.0,真新闻
UK beach town raises alarm as huge crowds ignore COVID advice and flock to the coast  https://uk.reuters.com/article/us-health-coronavirus-britain-beaches-idUKKBN23W2HI?taid=5ef4d49389f42300010630f2&utm_campaign=trueAnthem%3A+Trending+Content&utm_medium=trueAnthem&utm_source=twitter  pic.twitter.com/kao6HdtpLL,1,11.858422,1.0,真新闻
Gilead's remdesivir set to become Europe's first COVID-19 therapy  https://uk.reuters.com/article/uk-health-coronavirus-gilead-europe-idUKKBN23W1ZB?taid=5ef4d23b4ce8410001466cbb&utm_campaign=trueAnthem%3A+Trending+Content&utm_medium=trueAnthem&utm_source=twitter  pic.twitter.com/qkuGF6hsfl,1,87.96091,1.0,真新闻
England COVID-19 test and trace system fails to reach a quarter of positive cases  https://uk.reuters.com/article/uk-health-coronavirus-britain-trace-idUKKBN23W1J3?taid=5ef4e2a389f4230001063135&utm_campaign=trueAnthem%3A+Trending+Content&utm_medium=trueAnthem&utm_source=twitter  pic.twitter.com/dqWyVxKqeq,1,29.025196,1.0,真新闻
"UK COVID-19 death toll from confirmed cases rises by 149 to 43,230  https://uk.reuters.com/article/uk-health-coronavirus-britain-toll-idUKKBN23W28C?taid=5ef4d8311da48f00010f7480&utm_campaign=trueAnthem%3A+Trending+Content&utm_medium=trueAnthem&utm_source=twitter  pic.twitter.com/T9wF2wtJlO",1,93.64577,1.0,真新闻
UK beach town raises alarm as huge crowds ignore COVID advice and flock to the coast  https://uk.reuters.com/article/uk-health-coronavirus-britain-beaches-idUKKBN23W2H5?taid=5ef51f8c1da48f00010f75d1&utm_campaign=trueAnthem%3A+Trending+Content&utm_medium=trueAnthem&utm_source=twitter  pic.twitter.com/RIBNpPmlEX,1,23.64622,1.0,真新闻
Prince William visits Oxford COVID-19 vaccine developers  https://uk.reuters.com/article/uk-britain-royals-william-idUKKBN23V36Y?taid=5ef4064c4ce8410001ba3210&utm_campaign=trueAnthem%3A+Trending+Content&utm_medium=trueAnthem&utm_source=twitter  pic.twitter.com/xeymCj2066,1,99.05106,1.0,真新闻
"AstraZeneca, Moderna ahead in COVID-19 vaccine race: WHO  https://uk.reuters.com/article/us-health-coronavirus-who-development-idUKKBN23X1WA?taid=5ef654ff1da48f00010f7a75&utm_campaign=trueAnthem%3A+Trending+Content&utm_medium=trueAnthem&utm_source=twitter  pic.twitter.com/sFtsJcdxtg",1,95.412544,1.0,真新闻
"AstraZeneca, Moderna ahead in COVID-19 vaccine race: WHO  https://uk.reuters.com/article/us-health-coronavirus-who-development-idUKKBN23X1WA?taid=5ef617fd4ce841000146711b&utm_campaign=trueAnthem%3A+Trending+Content&utm_medium=trueAnthem&utm_source=twitter  pic.twitter.com/Tnmvuo23TW",1,95.412544,1.0,真新闻
Scientists just beginning to understand the many health problems caused by COVID-19  https://uk.reuters.com/article/us-health-coronavirus-effects-idUKKBN23X1BZ?taid=5ef6862589f42300010637a6&utm_campaign=trueAnthem%3A+Trending+Content&utm_medium=trueAnthem&utm_source=twitter  pic.twitter.com/K6oOm9EoY1,1,24.18115,1.0,真新闻
Scientists just beginning to understand the many health problems caused by COVID-19  https://uk.reuters.com/article/us-health-coronavirus-effects-idUKKBN23X1BZ?taid=5ef6414889f423000106367b&utm_campaign=trueAnthem%3A+Trending+Content&utm_medium=trueAnthem&utm_source=twitter  pic.twitter.com/t841SDirbU,1,24.18115,1.0,真新闻
Scientists just beginning to understand the many health problems caused by COVID-19  https://uk.reuters.com/article/us-health-coronavirus-effects-idUKKBN23X1BZ?taid=5ef5e46d89f42300010634f6&utm_campaign=trueAnthem%3A+Trending+Content&utm_medium=trueAnthem&utm_source=twitter  pic.twitter.com/ZcCjmWH005,1,24.18115,1.0,真新闻
BOJ's Kuroda warns second-round effect of COVID-19 may dent economic growth  https://uk.reuters.com/article/uk-japan-economy-boj-idUKKBN23X0E3?taid=5ef5996c89f42300010633f1&utm_campaign=trueAnthem%3A+Trending+Content&utm_medium=trueAnthem&utm_source=twitter  pic.twitter.com/G3hhHYo4ts,1,98.02704,1.0,真新闻
"EU needs stronger markets watchdog for COVID recovery, Barclays says  https://uk.reuters.com/article/uk-health-coronavirus-eu-markets-idUKKBN23X1PE?taid=5ef61a5f1da48f00010f7971&utm_campaign=trueAnthem%3A+Trending+Content&utm_medium=trueAnthem&utm_source=twitter  pic.twitter.com/PHwyEsUVX7",1,99.7433,1.0,真新闻
"UK COVID-19 death toll rises to 43,414, up 186  https://uk.reuters.com/article/uk-health-coronavirus-britain-casualties-idUKKBN23X23E?taid=5ef6297b89f423000106360a&utm_campaign=trueAnthem%3A+Trending+Content&utm_medium=trueAnthem&utm_source=twitter  pic.twitter.com/LviHxHUduM",1,99.09524,1.0,真新闻
Bournemouth raises alarm as huge crowds ignore COVID advice and flock to the coast  https://uk.reuters.com/article/uk-health-coronavirus-britain-beaches-idUKKBN23W2H5?taid=5ef572ad1da48f00010f7713&utm_campaign=trueAnthem%3A+Trending+Content&utm_medium=trueAnthem&utm_source=twitter  pic.twitter.com/2rjfuRjLG9,1,33.834484,1.0,真新闻
"Florida, Arizona hit daily highs for COVID-19 cases  https://uk.reuters.com/article/us-health-coronavirus-usa-idUKKBN23Y0MR?taid=5ef7892f1da48f00010f7e7d&utm_campaign=trueAnthem%3A+Trending+Content&utm_medium=trueAnthem&utm_source=twitter  pic.twitter.com/JwsGouNjio",1,46.725945,1.0,真新闻
"UK death toll from confirmed COVID-19 cases up 100 to 43,514  https://uk.reuters.com/article/us-health-coronavirus-britain-toll-idUKKBN23Y0N7?taid=5ef76d094ce8410001467572&utm_campaign=trueAnthem%3A+Trending+Content&utm_medium=trueAnthem&utm_source=twitter  pic.twitter.com/BbXy2MFS52",1,91.81596,1.0,真新闻
UK ditches quarantine for arrivals from low COVID-19 risk countries  https://uk.reuters.com/article/us-health-coronavirus-britain-quarantine-idUKKBN23X2VA?taid=5ef7bb8589f4230001063b4f&utm_campaign=trueAnthem%3A+Trending+Content&utm_medium=trueAnthem&utm_source=twitter  pic.twitter.com/8yKc0OUvhj,1,98.67279,1.0,真新闻
UK ditches quarantine for arrivals from low COVID-19 risk countries  https://uk.reuters.com/article/us-health-coronavirus-britain-quarantine-idUKKBN23X2VA?taid=5ef780f11da48f00010f7e5f&utm_campaign=trueAnthem%3A+Trending+Content&utm_medium=trueAnthem&utm_source=twitter  pic.twitter.com/TbQLfvKyLb,1,98.67279,1.0,真新闻
UK ditches quarantine for arrivals from low COVID-19 risk countries  https://uk.reuters.com/article/us-health-coronavirus-britain-quarantine-idUKKBN23X2VA?taid=5ef68d2d4ce84100014672f2&utm_campaign=trueAnthem%3A+Trending+Content&utm_medium=trueAnthem&utm_source=twitter  pic.twitter.com/nweWqpRE0l,1,98.67279,1.0,真新闻
Brazil signs agreement to produce AstraZeneca's experimental COVID-19 vaccine  https://uk.reuters.com/article/us-health-coronavirus-brazil-vaccine-idUKKBN23Y0NB?taid=5ef785a189f4230001063a98&utm_campaign=trueAnthem%3A+Trending+Content&utm_medium=trueAnthem&utm_source=twitter  pic.twitter.com/jm6BRywYl1,1,98.45182,1.0,真新闻
"COVID-19 crisis may disrupt Man United transfer plans, says Solskjaer  https://uk.reuters.com/article/uk-soccer-england-nor-mun-preview-idUKKBN23Y07E?taid=5ef6e12e1da48f00010f7c68&utm_campaign=trueAnthem%3A+Trending+Content&utm_medium=trueAnthem&utm_source=twitter  pic.twitter.com/6sLtpsoqTl",1,97.23888,1.0,真新闻
"Florida, Arizona hit daily highs for COVID-19 cases  https://uk.reuters.com/article/uk-health-coronavirus-usa-idUKKBN23Y0PG?taid=5ef783491da48f00010f7e6c&utm_campaign=trueAnthem%3A+Trending+Content&utm_medium=trueAnthem&utm_source=twitter  pic.twitter.com/FdYo74ccCD",1,74.77818,1.0,真新闻
"Roche not yet meeting demand for molecular COVID-19 tests, says chairman  https://uk.reuters.com/article/uk-health-coronavirus-treatments-roche-idUKKBN23Y0EH?taid=5ef73cf54ce84100014674f3&utm_campaign=trueAnthem%3A+Trending+Content&utm_medium=trueAnthem&utm_source=twitter  pic.twitter.com/y7WwGNzOf7",1,95.43063,1.0,真新闻
Liverpool fans celebrating title urged to return home amid COVID-19 worries  https://uk.reuters.com/article/uk-health-coronavirus-soccer-liverpool-idUKKBN23Y04O?taid=5ef6ced21da48f00010f7c20&utm_campaign=trueAnthem%3A+Trending+Content&utm_medium=trueAnthem&utm_source=twitter  pic.twitter.com/S9DhfP3kUa,1,88.20559,1.0,真新闻
"UK death toll from confirmed COVID-19 cases up 100 to 43,514  https://uk.reuters.com/article/uk-health-coronavirus-britain-toll-idUKKBN23Y0N5?taid=5ef776861da48f00010f7e3a&utm_campaign=trueAnthem%3A+Trending+Content&utm_medium=trueAnthem&utm_source=twitter  pic.twitter.com/LHW8szDJRA",1,96.08628,1.0,真新闻
Factbox: What doctors have learned about fighting COVID-19  https://uk.reuters.com/article/uk-health-coronavirus-lessons-idUKKBN23Z04I?taid=5ef872551da48f00010f815e&utm_campaign=trueAnthem%3A+Trending+Content&utm_medium=trueAnthem&utm_source=twitter  pic.twitter.com/QqCEblc9uC,1,11.123534,1.0,真新闻
"UK death toll from confirmed COVID-19 cases up 36 to 43,550  https://uk.reuters.com/article/uk-health-coronavirus-britain-toll-idUKKBN23Z0IB?taid=5ef8bd541da48f00010f8244&utm_campaign=trueAnthem%3A+Trending+Content&utm_medium=trueAnthem&utm_source=twitter  pic.twitter.com/kWiE91egWN",1,95.08193,1.0,真新闻
Australia sees biggest daily rise in COVID-19 cases in two months  https://uk.reuters.com/article/uk-health-coronavirus-australia-idUKKBN24002B?taid=5ef9673b89f423000106405f&utm_campaign=trueAnthem%3A+Trending+Content&utm_medium=trueAnthem&utm_source=twitter  pic.twitter.com/laQnRVUjYo,1,95.863525,1.0,真新闻
"Los Angeles records 'alarming' surge in COVID-19 cases to more than 100,000  https://uk.reuters.com/article/uk-health-coronavirus-usa-idUKKBN2401YI?taid=5efa81ae17654f00015aa877&utm_campaign=trueAnthem%3A+Trending+Content&utm_medium=trueAnthem&utm_source=twitter  pic.twitter.com/8XKKdQ4eAS",1,27.80598,1.0,真新闻
India's first COVID-19 vaccine candidate approved for human trials  https://uk.reuters.com/article/uk-health-coronavirus-india-vaccine-idUKKBN24108V?taid=5efac5a417654f00015aa971&utm_campaign=trueAnthem%3A+Trending+Content&utm_medium=trueAnthem&utm_source=twitter  pic.twitter.com/MCNINTRYfF,1,95.209404,1.0,真新闻
Global COVID-19 prevention trial of hydroxychloroquine to resume  https://uk.reuters.com/article/uk-health-coronavirus-hydroxychloroquine-idUKKBN2410T2?taid=5efb0758621aa70001d01ccf&utm_campaign=trueAnthem%3A+Trending+Content&utm_medium=trueAnthem&utm_source=twitter  pic.twitter.com/tNN3w9G6Kt,1,71.96855,1.0,真新闻
Bavaria's free COVID-19 test for all splits Germany  https://uk.reuters.com/article/uk-health-coronavirus-germany-tests-idUKKBN24126I?taid=5efb5ba5621aa70001d01de1&utm_campaign=trueAnthem%3A+Trending+Content&utm_medium=trueAnthem&utm_source=twitter  pic.twitter.com/4DEGAKDBJE,1,81.53049,1.0,真新闻
Britain locks down city of Leicester after COVID-19 flare-up  https://uk.reuters.com/article/uk-health-coronavirus-britain-leicester-idUKKBN2410QC?taid=5efaf22c17654f00015aaa29&utm_campaign=trueAnthem%3A+Trending+Content&utm_medium=trueAnthem&utm_source=twitter  pic.twitter.com/kHO2ce1tvq,1,99.661224,1.0,真新闻
UK imposes lockdown on city of Leicester to curb COVID-19 outbreak  https://uk.reuters.com/article/uk-health-coronavirus-britain-leicester-idUKKBN2401JN?taid=5efa9f04621aa70001d01ba5&utm_campaign=trueAnthem%3A+Trending+Content&utm_medium=trueAnthem&utm_source=twitter  pic.twitter.com/fFMgArrh7t,1,99.33297,1.0,真新闻
